{
    "epoch": 40.0,
    "eval_f1": 0.7936698032506416,
    "eval_precision": 0.807063326374391,
    "eval_recall": 0.7807135644564119,
    "eval_samples": 3250,
    "predict_samples": 3453,
    "test_f1": 0.7552535097916481,
    "test_precision": 0.762962962962963,
    "test_recall": 0.7476983002832861,
    "train_loss": 0.16664272214061226,
    "train_runtime": 4552.9522,
    "train_samples": 230,
    "train_samples_per_second": 2.021,
    "train_steps_per_second": 0.255
}