{
    "epoch": 40.0,
    "eval_f1": 0.7936698032506416,
    "eval_precision": 0.807063326374391,
    "eval_recall": 0.7807135644564119,
    "eval_samples": 3250
}