{"span": {"all": {"precision": 0.762962962962963, "recall": 0.7476983002832861, "f1": 0.7552535097916481},
 "LOC": {"precision": 0.6898792943361188, "recall": 0.8908872901678657, "f1": 0.7776033490319204}, 
 "ORG": {"precision": 0.6664265129682997, "recall": 0.5568934376881397, "f1": 0.6067563135454247},
  "PER": {"precision": 0.9563758389261745, "recall": 0.8812615955473099, "f1": 0.9172835532668169}, 
  "MISC": {"precision": 0.7693836978131213, "recall": 0.5512820512820513, "f1": 0.6423236514522822}}, 
  "start": {"all": {"precision": 0.7727190605239386, "recall": 0.7572592067988668, "f1": 0.7649110256639542}, 
  "LOC": {"precision": 0.692200557103064, "recall": 0.8938848920863309, "f1": 0.7802197802197802},
   "ORG": {"precision": 0.6815561959654178, "recall": 0.5695364238410596, "f1": 0.6205313217448344}, 
   "PER": {"precision": 0.9664429530201343, "recall": 0.8905380333951762, "f1": 0.9269391696169939}, 
   "MISC": {"precision": 0.7952286282306164, "recall": 0.5698005698005698, "f1": 0.6639004149377593}}, 
   "end": {"all": {"precision": 0.7716350496838301, "recall": 0.7561968838526912, "f1": 0.7638379683448091},
    "LOC": {"precision": 0.692200557103064, "recall": 0.8938848920863309, "f1": 0.7802197802197802},
     "ORG": {"precision": 0.6779538904899135, "recall": 0.5665261890427453, "f1": 0.617251557887832}, 
     "PER": {"precision": 0.9704697986577181, "recall": 0.8942486085343229, "f1": 0.9308014161570647}, 
     "MISC": {"precision": 0.7813121272365805, "recall": 0.5598290598290598, "f1": 0.6522821576763486}}}
