{
    "epoch": 40.0,
    "eval_f1": 0.8012612919720471,
    "eval_precision": 0.8116367403314917,
    "eval_recall": 0.7911477616963986,
    "eval_samples": 3250
}