{"span": {"all": {"precision": 0.7713621737575974, "recall": 0.7639872521246459, "f1": 0.7676570005337129}, "LOC": {"precision": 0.705002337540907, "recall": 0.9040767386091128, "f1": 0.7922248489624376}, "ORG": {"precision": 0.6775800711743772, "recall": 0.5731487055990367, "f1": 0.6210045662100456}, "PER": {"precision": 0.9503865979381443, "recall": 0.9121830550401979, "f1": 0.9308930261912275}, "MISC": {"precision": 0.7630522088353414, "recall": 0.5413105413105413, "f1": 0.6333333333333333}}, "start": {"all": {"precision": 0.7822667143367894, "recall": 0.7747875354107648, "f1": 0.7785091620708059}, "LOC": {"precision": 0.7064048620850865, "recall": 0.9058752997601919, "f1": 0.7938008930916732}, "ORG": {"precision": 0.695373665480427, "recall": 0.588199879590608, "f1": 0.6373124592302675}, "PER": {"precision": 0.9626288659793815, "recall": 0.9239332096474954, "f1": 0.9428841905964026}, "MISC": {"precision": 0.7911646586345381, "recall": 0.5612535612535613, "f1": 0.6566666666666666}}, "end": {"all": {"precision": 0.7795852699320701, "recall": 0.7721317280453258, "f1": 0.775840597758406}, "LOC": {"precision": 0.7064048620850865, "recall": 0.9058752997601919, "f1": 0.7938008930916732}, "ORG": {"precision": 0.6861209964412811, "recall": 0.580373269114991, "f1": 0.6288323548597521}, "PER": {"precision": 0.9664948453608248, "recall": 0.9276437847866419, "f1": 0.9466708740927737}, "MISC": {"precision": 0.7751004016064257, "recall": 0.5498575498575499, "f1": 0.6433333333333333}}}
